others,1688099028.3519049,-8.968679418945312,-3.83072265625,-0.23104046020507812,0.015267175572519083,2.7786259541984735,0.44274809160305345,9.755256341233277
others,1688099028.382847,-8.961496813964843,-3.843890765380859,-0.22744915771484372,0.3816793893129771,2.8702290076335877,-0.10687022900763359,9.753750790451202
others,1688099028.430725,-8.93156929321289,-3.872621185302734,-0.21906945190429686,0.916030534351145,2.8702290076335877,0.0916030534351145,9.737459438122277
others,1688099028.5424201,-8.942343200683593,-3.853467572021484,-0.21906945190429686,1.633587786259542,3.1908396946564888,0.42748091603053434,9.739748747898526
others,1688099028.5424201,-8.980650427246093,-3.8391023620605464,-0.23822306518554687,0.8854961832061069,3.3587786259541983,0.7938931297709924,9.769725649759092
others,1688099028.6221812,-8.978256225585938,-3.877409588623047,-0.20231004028320312,1.5725190839694656,2.3053435114503817,1.3435114503816794,9.78183619381443
others,1688099028.7019935,-8.927977990722656,-3.8091748413085935,-0.21787235107421873,1.5267175572519085,2.900763358778626,0.7022900763358778,9.709071651597238
others,1688099028.7329113,-8.939948999023438,-3.8091748413085935,-0.24061726684570311,0.7175572519083969,3.2213740458015265,0.04580152671755725,9.720617148406927
others,1688099028.7329113,-8.989030133056641,-3.8474820678710935,-0.22864625854492185,0.3511450381679389,2.9770992366412212,0.42748091603053434,9.780493858038893
others,1688099028.8117008,-8.93755479736328,-3.853467572021484,-0.23822306518554687,0.6870229007633588,3.1603053435114505,0.7022900763358778,9.735802396992193
others,1688099028.9064476,-8.942343200683593,-3.859453076171875,-0.23702596435546874,1.5419847328244274,2.9618320610687023,0.1984732824427481,9.742538748897193
others,1688099028.95432,-8.945934503173827,-3.860650177001953,-0.2262520568847656,1.2061068702290076,2.9770992366412212,0.24427480916030533,9.746053248238784
others,1688099028.9862356,-8.921992486572265,-3.872621185302734,-0.21787235107421873,1.2671755725190839,2.8396946564885495,0.5801526717557252,9.728649091043941
others,1688099029.0181491,-8.943540301513671,-3.8283284545898435,-0.20949264526367187,1.5572519083969465,2.946564885496183,0.9923664122137404,9.730719349022511
others,1688099029.081979,-8.948328704833983,-3.8091748413085935,-0.2166752502441406,1.0229007633587786,3.1297709923664123,1.3129770992366412,9.727761702749637
others,1688099029.1767225,-8.967482318115234,-3.8079777404785156,-0.22864625854492185,0.4732824427480916,3.2213740458015265,0.7938931297709924,9.745189208488249
others,1688099029.1767225,-8.965088116455078,-3.845087866210937,-0.24899697265624998,0.2900763358778626,3.114503816793893,0.48854961832061067,9.758048223240065
others,1688099029.2086377,-8.939948999023438,-3.852270471191406,-0.23582886352539062,0.7938931297709924,2.9618320610687023,0.5190839694656488,9.737468415416046
others,1688099029.2724667,-8.932766394042968,-3.842693664550781,-0.24779987182617186,1.3893129770992367,3.236641221374046,0.6717557251908397,9.727384788657185
others,1688099029.3502612,-8.927977990722656,-3.8175545471191406,-0.2561795776367187,2.045801526717557,3.2213740458015265,0.8702290076335878,9.71329715900097
others,1688099029.3971362,-9.003395343017578,-3.872621185302734,-0.2262520568847656,1.1145038167938932,2.763358778625954,1.083969465648855,9.803545916696201
others,1688099029.4280536,-8.971073620605468,-3.845087866210937,-0.22744915771484372,1.9541984732824427,2.015267175572519,1.1297709923664123,9.763021854146956
others,1688099029.4440112,-8.907627276611327,-3.794809631347656,-0.22385785522460935,1.4961832061068703,2.7938931297709924,0.7633587786259542,9.684860152658107
others,1688099029.5237722,-8.954314208984375,-3.8139632446289062,-0.24181436767578124,0.3816793893129771,2.9770992366412212,-0.015267175572519083,9.735734834773087
others,1688099029.5397294,-8.96269391479492,-3.843890765380859,-0.23104046020507812,0.3816793893129771,2.4427480916030535,0.8549618320610687,9.754935064916317
others,1688099029.6195328,-8.963891015625,-3.8845921936035155,-0.20231004028320312,0.7633587786259542,2.946564885496183,0.5190839694656488,9.77150592298891
others,1688099029.6195328,-8.949525805664061,-3.8283284545898435,-0.22385785522460935,1.83206106870229,2.8702290076335877,0.5648854961832062,9.736540619841064
others,1688099029.7302504,-8.960299713134765,-3.8283284545898435,-0.2262520568847656,1.5725190839694656,2.8702290076335877,0.22900763358778625,9.746499869115569
others,1688099029.7780929,-8.953117108154297,-3.8474820678710935,-0.22266075439453123,1.251908396946565,2.595419847328244,0.13740458015267176,9.747358720518207
others,1688099029.7940493,-8.923189587402343,-3.8582559753417964,-0.20949264526367187,1.6641221374045803,2.8091603053435112,0.13740458015267176,9.723854109991873
others,1688099029.888823,-8.930372192382812,-3.833116857910156,-0.21188684692382811,1.3740458015267176,3.1603053435114505,0.24427480916030533,9.720556999307115
others,1688099029.888823,-8.954314208984375,-3.851073370361328,-0.2346317626953125,0.7938931297709924,3.1603053435114505,0.6564885496183206,9.750156979310187
others,1688099029.982765,-8.949525805664061,-3.8666356811523435,-0.21308394775390624,1.1755725190839694,2.931297709923664,0.3511450381679389,9.751424942324983
others,1688099029.9839356,-8.93875189819336,-3.891774798583984,-0.201112939453125,1.633587786259542,3.114503816793893,-0.16793893129770993,9.751289299101133
others,1688099030.076832,-8.917204083251953,-3.8857892944335934,-0.22385785522460935,1.1145038167938932,3.450381679389313,0.21374045801526717,9.729645391402801
others,1688099030.0917888,-8.973467822265624,-3.861847277832031,-0.24061726684570311,1.8015267175572518,2.3206106870229006,1.2061068702290076,9.772148475316957
others,1688099030.170581,-8.921992486572265,-3.812766143798828,-0.22385785522460935,1.0076335877862594,2.519083969465649,1.4198473282442747,9.70511452467699
others,1688099030.2653244,-8.94473740234375,-3.8295255554199215,-0.21308394775390624,0.6564885496183206,2.7938931297709924,0.33587786259541985,9.732368568097483
others,1688099030.3121984,-8.960299713134765,-3.854664672851562,-0.19632453613281248,1.2213740458015268,2.50381679389313,0.8549618320610687,9.756226422793832
others,1688099030.3590732,-8.943540301513671,-3.852270471191406,-0.1927332336425781,1.0076335877862594,3.0381679389312977,0.7480916030534351,9.739817606473071
others,1688099030.4229033,-8.960299713134765,-3.8391023620605464,-0.20231004028320312,1.3435114503816794,2.8091603053435112,0.6870229007633588,9.750210625826561
others,1688099030.5026903,-8.951920007324219,-3.88818349609375,-0.19991583862304688,0.7022900763358778,2.717557251908397,0.4580152671755725,9.761906015699997
others,1688099030.5346062,-8.90643017578125,-3.9264907226562498,-0.1879448303222656,1.3893129770992367,3.068702290076336,-0.366412213740458,9.735355726958172
others,1688099030.5347998,-8.9255837890625,-3.891774798583984,-0.20829554443359374,2.122137404580153,3.648854961832061,-0.183206106870229,9.739370826305958
others,1688099030.5976593,-8.93156929321289,-3.8187516479492185,-0.229843359375,1.3893129770992367,3.068702290076336,0.7938931297709924,9.716409941847198
others,1688099030.6455314,-8.943540301513671,-3.84987626953125,-0.20709844360351562,0.2595419847328244,2.595419847328244,1.1755725190839694,9.73916578464717
others,1688099030.6934035,-8.960299713134765,-3.8582559753417964,-0.20470424194335937,0.366412213740458,2.9923664122137406,0.7938931297709924,9.757818093566472
others,1688099030.7572079,-8.93875189819336,-3.8474820678710935,-0.2214636535644531,0.549618320610687,3.0076335877862594,0.015267175572519083,9.734138375320907
others,1688099030.7891474,-8.910021478271483,-3.8486791687011714,-0.22026655273437498,0.7022900763358778,2.8702290076335877,0.030534351145038167,9.708209486877948
others,1688099030.7891474,-8.989030133056641,-3.892971899414062,-0.19033903198242186,0.22900763358778625,2.9770992366412212,1.0076335877862594,9.797659000481891
others,1688099030.8690975,-8.972270721435546,-3.867832781982422,-0.21068974609375,1.465648854961832,2.0763358778625953,1.1908396946564885,9.772725438546631
others,1688099030.9010088,-8.919598284912109,-3.8570588745117185,-0.19033903198242186,1.0381679389312977,2.4580152671755724,0.5954198473282443,9.719689587263199
others,1688099030.9648385,-8.90044467163086,-3.83072265625,-0.22744915771484372,0.3053435114503817,2.9618320610687023,-0.48854961832061067,9.692475666268882
others,1688099031.0924973,-8.927977990722656,-3.9169139160156248,-0.21906945190429686,-0.33587786259541985,2.9770992366412212,0.24427480916030533,9.751871464137675
others,1688099031.0924973,-8.927977990722656,-3.944447235107422,-0.229843359375,0.5190839694656488,3.5267175572519083,0.4732824427480916,9.763210689277557
others,1688099031.172284,-8.957905511474609,-3.8798037902832028,-0.2549824768066406,1.5572519083969465,2.9160305343511452,0.8702290076335878,9.765345086942988
others,1688099031.2361133,-8.93156929321289,-3.8570588745117185,-0.20829554443359374,0.8091603053435115,1.8625954198473282,1.0687022900763359,9.731044149254688
others,1688099031.2361133,-8.894459167480468,-3.907337109375,-0.19871873779296872,0.9770992366412213,2.7938931297709924,1.0381679389312977,9.71690157946587
others,1688099031.2361133,-8.94473740234375,-3.8474820678710935,-0.21188684692382811,2.0763358778625953,3.7251908396946565,1.3282442748091603,9.739422030868985
others,1688099031.331859,-8.973467822265624,-3.8079777404785156,-0.21188684692382811,1.4198473282442747,3.1297709923664123,1.1908396946564885,9.750318726334834
others,1688099031.3478181,-8.955511309814453,-3.824737152099609,-0.21068974609375,0.3511450381679389,2.6564885496183206,0.916030534351145,9.740338149775635
others,1688099031.4425619,-8.939948999023438,-3.863044378662109,-0.20231004028320312,0.21374045801526717,3.1297709923664123,0.5648854961832062,9.740981948913182
others,1688099031.506391,-8.945934503173827,-3.8798037902832028,-0.20709844360351562,0.549618320610687,3.5572519083969465,0.8854961832061069,9.753230816068841
others,1688099031.506391,-8.961496813964843,-3.860650177001953,-0.239420166015625,0.2900763358778626,3.49618320610687,2.045801526717557,9.760654022747767
others,1688099031.6021366,-8.989030133056641,-3.873818286132812,-0.23343466186523437,0.5190839694656488,2.5343511450381677,5.175572519083969,9.790997017073256
others,1688099031.6031327,-9.044096771240234,-3.7241806823730466,-0.24660277099609373,-0.4580152671755725,3.49618320610687,12.213740458015268,9.783967553563409
others,1688099031.6968822,-8.973467822265624,-3.7014357666015623,-0.19153613281249998,-0.9007633587786259,6.625954198473282,26.778625954198475,9.708781467397781
others,1688099031.7287967,-8.965088116455078,-3.4931402221679684,-0.2741360900878906,0.366412213740458,11.572519083969466,42.44274809160305,9.625486176989732
others,1688099031.7926283,-8.898050469970702,-3.1651345947265623,-0.3399766357421875,1.5267175572519085,15.816793893129772,51.267175572519086,9.450341966391019
others,1688099031.7926283,-9.191340173339842,-2.786850732421875,-0.47644613037109373,4.152671755725191,16.3206106870229,28.793893129770993,9.616354408090253
others,1688099031.8724184,-9.734823950195311,-2.3151930053710936,-0.7038952880859375,3.8473282442748094,7.267175572519084,-4.534351145038168,10.031070958277839
others,1688099031.9990494,-9.634267480468749,-2.2960393920898436,-0.6919242797851562,0.5954198473282443,-2.549618320610687,-26.793893129770993,9.928225721859983
others,1688099031.9990494,-9.427169036865234,-2.499546533203125,-0.6189011291503906,-1.1908396946564885,-4.885496183206107,-31.068702290076335,9.772527182307652
others,1688099032.0469494,-9.240421307373046,-2.8981811096191405,-0.5087678527832031,-2.9770992366412212,-2.427480916030534,-15.358778625954198,9.697612304579549
others,1688099032.078861,-9.239224206542968,-3.1794998046874996,-0.40462008056640625,0.4122137404580153,1.6030534351145038,8.610687022900763,9.779376276449073
others,1688099032.1426911,-9.120711224365234,-3.2070331237792966,-0.42975919799804685,4.580152671755725,6.870229007633588,31.358778625954198,9.677661270345407
others,1688099032.1586483,-8.89924757080078,-3.2728736694335936,-0.3591302490234375,6.396946564885496,11.526717557251908,22.27480916030534,9.48879781206444
others,1688099032.2384355,-9.37210239868164,-2.9747955627441405,-0.51714755859375,7.786259541984733,6.076335877862595,-13.48091603053435,9.846479249399547
others,1688099032.2384355,-9.606734161376952,-2.6946739685058594,-0.6883329772949218,4.458015267175573,-2.366412213740458,-33.282442748091604,10.001220492097039
others,1688099032.3172243,-9.246406811523437,-2.9831752685546875,-0.4944026428222656,-0.549618320610687,-5.419847328244275,-27.480916030534353,9.728299315930457
others,1688099032.4279308,-9.131485131835937,-3.0980969482421874,-0.4584896179199218,-1.4809160305343512,-2.4885496183206106,-5.786259541984733,9.653623057867378
others,1688099032.4279308,-9.062053283691405,-3.2632968627929686,-0.3938461730957031,0.21374045801526717,3.4656488549618323,24.15267175572519,9.639763012607663
others,1688099032.4758003,-8.81664761352539,-3.355473626708984,-0.3076549133300781,1.099236641221374,9.48091603053435,37.282442748091604,9.438597880316687
others,1688099032.5226755,-9.35294878540039,-3.094505645751953,-0.41419688720703124,5.572519083969466,8.412213740458014,1.6793893129770991,9.8602827157889
others,1688099032.5864797,-9.764751470947266,-2.7150246826171873,-0.5985504150390625,5.404580152671755,-0.6717557251908397,-28.03053435114504,10.152831768326056
others,1688099032.6183944,-9.404424121093749,-2.886210101318359,-0.5470750793457031,-0.4732824427480916,-6.015267175572519,-28.18320610687023,9.852547535576937
others,1688099032.6813643,-8.941146099853515,-3.2525229553222657,-0.38187516479492184,-3.2977099236641223,-4.488549618320611,-13.312977099236642,9.522018052666732
others,1688099032.728264,-8.959102612304687,-3.3387142150878906,-0.3220201232910156,-1.8473282442748091,2.8244274809160306,16.900763358778626,9.56641151046927
others,1688099032.7761111,-8.793902697753905,-3.535038751220703,-0.19632453613281248,0.15267175572519084,8.80916030534351,29.114503816793892,9.47986112523191
others,1688099032.8559241,-9.266757525634764,-3.2980127868652342,-0.3387795349121094,5.297709923664122,8.717557251908397,5.00763358778626,9.841974139089697
others,1688099032.8718812,-9.67856021118164,-2.962824554443359,-0.5303156677246094,6.366412213740458,-0.366412213740458,-25.587786259541986,10.13578274280359
others,1688099032.9347126,-9.349357482910156,-3.1004911499023438,-0.49799394531249996,1.2671755725190839,-6.015267175572519,-27.6793893129771,9.862632948834646
others,1688099032.9666278,-8.93875189819336,-3.4296938781738278,-0.3447650390625,-1.7404580152671756,-4.549618320610687,-13.145038167938932,9.580341775093318
others,1688099033.0456238,-8.896853369140624,-3.496731524658203,-0.31483751831054685,-0.183206106870229,1.7557251908396947,13.007633587786259,9.564531033483204
others,1688099033.0456238,-8.729259252929687,-3.7014357666015623,-0.13646949462890623,1.7557251908396947,9.923664122137405,35.083969465648856,9.48257442692121
others,1688099033.1094785,-9.154230047607422,-3.385401147460937,-0.258573779296875,6.931297709923665,11.053435114503817,10.83969465648855,9.763592017955702
others,1688099033.1094785,-9.673771807861328,-2.991554974365234,-0.46806642456054687,6.687022900763359,1.6793893129770991,-17.755725190839694,10.136584648342996
others,1688099033.2201574,-9.37210239868164,-3.1196447631835937,-0.41419688720703124,0.183206106870229,-5.633587786259542,-23.87786259541985,9.886356552401141
others,1688099033.3159282,-8.90044467163086,-3.3961750549316405,-0.2825157958984375,-3.145038167938931,-3.877862595419847,-12.83969465648855,9.530568478922662
others,1688099033.3797305,-8.882488159179687,-3.515885137939453,-0.23223756103515625,-1.3587786259541985,2.198473282442748,7.770992366412214,9.555834787495357
others,1688099033.3956878,-8.828618621826172,-3.6355952209472653,-0.13168109130859373,0.12213740458015267,9.34351145038168,28.641221374045802,9.548790462149574
others,1688099033.4266055,-9.106346014404297,-3.4488474914550777,-0.22864625854492185,4.854961832061068,11.068702290076336,13.954198473282442,9.740244651184055
others,1688099033.4745011,-9.536105212402344,-3.1950621154785153,-0.3711012573242187,5.6183206106870225,5.1603053435114505,-8.442748091603054,10.063967442662005
others,1688099033.53833,-9.373299499511718,-3.1471780822753903,-0.4285620971679687,3.0229007633587788,-1.3740458015267176,-16.732824427480917,9.896824685737858
others,1688099033.5542958,-8.950722906494141,-3.326743206787109,-0.35194764404296874,-1.0687022900763359,-2.198473282442748,-11.038167938931299,9.555444942905092
others,1688099033.6819484,-8.93755479736328,-3.4775779113769527,-0.27293898925781246,-1.4045801526717556,0.8702290076335878,-2.2290076335877864,9.594161223234961
others,1688099033.6819484,-9.060856182861327,-3.5146880371093747,-0.22026655273437498,0.9465648854961832,3.1908396946564888,4.030534351145038,9.721145206144675
others,1688099033.7617102,-9.20690248413086,-3.4165257690429685,-0.28012159423828126,2.717557251908397,3.5572519083969465,2.366412213740458,9.824366126645945
others,1688099033.7617102,-9.192537274169922,-3.508702532958984,-0.258573779296875,1.5725190839694656,2.2900763358778624,-0.10687022900763359,9.84279408507239
others,1688099033.8694484,-9.018957653808593,-3.506308331298828,-0.27892449340820313,0.8702290076335878,2.045801526717557,-2.381679389312977,9.680578192874185
others,1688099033.8854048,-8.939948999023438,-3.5302503479003904,-0.2765302917480469,0.8854961832061069,3.0381679389312977,-2.0610687022900764,9.615707182846473
others,1688099033.9332771,-9.052476477050782,-3.5577836669921874,-0.27174188842773433,0.9770992366412213,2.9770992366412212,0.33587786259541985,9.730313388714691
others,1688099033.9332771,-9.093177905273437,-3.518279339599609,-0.2645592834472656,0.8244274809160306,2.6259541984732824,2.4580152671755724,9.753674463650333
others,1688099034.026767,-9.10395181274414,-3.517082238769531,-0.2645592834472656,1.0076335877862594,3.114503816793893,1.6793893129770991,9.763288262542162
others,1688099034.026767,-9.087192401123046,-3.4907460205078125,-0.2980781066894531,1.297709923664122,3.3435114503816794,-0.366412213740458,9.739159310351543
others,1688099034.1384423,-9.080009796142578,-3.5098996337890624,-0.296881005859375,1.2213740458015268,2.900763358778626,-0.0916030534351145,9.739307555928082
others,1688099034.2163746,-9.0788126953125,-3.5027170288085934,-0.2609679809570312,1.8015267175572518,2.717557251908397,0.9618320610687023,9.734576047653945
others,1688099034.2163746,-9.072827191162109,-3.469198205566406,-0.2597708801269531,2.1526717557251906,2.885496183206107,1.6946564885496183,9.716944496103578
others,1688099034.2802043,-9.117119921875,-3.456030096435547,-0.2561795776367187,1.7251908396946565,3.4198473282442747,1.297709923664122,9.753545389924447
others,1688099034.3270786,-9.115922821044922,-3.479972113037109,-0.2645592834472656,0.9618320610687023,2.9770992366412212,0.4732824427480916,9.76116009505129
others,1688099034.404871,-9.08479819946289,-3.499125726318359,-0.2442085693359375,0.5648854961832062,2.732824427480916,0.12213740458015267,9.738432984771434
others,1688099034.404871,-9.034519964599609,-3.5003228271484375,-0.2609679809570312,0.44274809160305345,3.1755725190839694,1.6946564885496183,9.692415342528927
others,1688099034.5165725,-9.036914166259765,-3.489548919677734,-0.2705447875976562,1.099236641221374,3.6030534351145036,2.900763358778626,9.691024909330629
others,1688099034.5325553,-9.151835845947264,-3.488351818847656,-0.26815058593749996,0.6870229007633588,3.5877862595419847,2.946564885496183,9.797785591650884
others,1688099034.5644443,-9.132682232666015,-3.417722869873047,-0.2765302917480469,1.251908396946565,2.6564885496183206,2.3969465648854964,9.75516188386236
others,1688099034.6601884,-9.093177905273437,-3.402160559082031,-0.2825157958984375,0.7175572519083969,3.0229007633587788,1.0229007633587786,9.712898437730033
others,1688099034.6761467,-9.095572106933593,-3.403357659912109,-0.3172317199707031,-0.030534351145038167,3.114503816793893,0.5801526717557252,9.716630654597632
others,1688099034.7559583,-9.107543115234375,-3.440467785644531,-0.3136404174804687,-0.1984732824427481,2.854961832061069,1.297709923664122,9.740766422175833
others,1688099034.7559583,-9.118317022705078,-3.4775779113769527,-0.3064578125,0.5190839694656488,3.099236641221374,1.251908396946565,9.763768219652306
others,1688099034.8517022,-9.101557611083983,-3.4584242980957027,-0.3172317199707031,1.618320610687023,3.0076335877862594,1.282442748091603,9.741646962279793
others,1688099034.8517022,-9.117119921875,-3.4344822814941405,-0.3184288208007812,1.6641221374045803,2.7786259541984735,1.1755725190839694,9.747765955626129
others,1688099034.9474206,-9.083601098632812,-3.4201170715332028,-0.2825157958984375,1.6793893129770991,2.4732824427480917,1.3893129770992367,9.71024329648893
others,1688099035.0102534,-9.119514123535156,-3.3710359375,-0.2705447875976562,1.6641221374045803,2.9923664122137406,1.251908396946565,9.726387593725121
others,1688099035.0102534,-9.121908325195312,-3.347093920898437,-0.2861070983886719,1.0381679389312977,3.1297709923664123,1.1145038167938932,9.720807912942792
others,1688099035.120958,-9.127893829345702,-3.361459130859375,-0.32082302246093747,0.3511450381679389,2.8244274809160306,0.48854961832061067,9.732460154554252
others,1688099035.120958,-9.13627353515625,-3.4344822814941405,-0.30885201416015623,-0.42748091603053434,2.0916030534351147,-0.015267175572519083,9.765375170352876
others,1688099035.1997468,-9.0788126953125,-3.4715924072265625,-0.2693476867675781,1.465648854961832,2.4580152671755724,1.2671755725190839,9.72364859375572
others,1688099035.1997468,-9.077615594482422,-3.3602620300292965,-0.2825157958984375,3.5572519083969465,3.5114503816793894,1.297709923664122,9.683712148064872
others,1688099035.3104503,-9.19971987915039,-3.375824340820312,-0.26216508178710934,2.0916030534351147,2.7022900763358777,1.8625954198473282,9.803048830084352
others,1688099035.3573258,-9.138667736816405,-3.393780853271484,-0.23343466186523437,1.7557251908396947,1.0229007633587786,1.5877862595419847,9.751281363252797
others,1688099035.3573258,-9.068038787841797,-3.3770214416503905,-0.20350714111328125,1.6793893129770991,2.2442748091603053,1.0534351145038168,9.67858545613221
others,1688099035.4191606,-9.107543115234375,-3.3387142150878906,-0.2705447875976562,0.9618320610687023,3.7404580152671754,0.8244274809160306,9.7039965317378
others,1688099035.4989731,-9.1554271484375,-3.347093920898437,-0.27892449340820313,0.10687022900763359,2.946564885496183,1.9389312977099236,9.752060441705881
others,1688099035.5627763,-9.127893829345702,-3.388992449951172,-0.2549824768066406,0.33587786259541985,2.8091603053435112,1.4351145038167938,9.740058092696975
others,1688099035.593889,-9.125499627685546,-3.366247534179687,-0.2693476867675781,1.1450381679389312,2.9160305343511452,0.8854961832061069,9.730309044045153
others,1688099035.6726823,-9.126696728515624,-3.3602620300292965,-0.26336218261718747,1.7099236641221374,3.2061068702290076,0.9770992366412213,9.729199027874149
others,1688099035.6726823,-9.149441644287108,-3.3327287109375,-0.28490999755859375,1.2366412213740459,2.595419847328244,0.3053435114503817,9.741690652532093
others,1688099035.7524695,-9.124302526855468,-3.3542765258789062,-0.25258827514648435,0.9770992366412213,2.2900763358778624,0.916030534351145,9.724601197498272
others,1688099035.7524695,-9.133879333496093,-3.3351229125976563,-0.239420166015625,2.2900763358778624,3.572519083969466,1.4351145038167938,9.72667047539372
others,1688099035.816295,-9.184157568359375,-3.2908301818847656,-0.26815058593749996,2.33587786259542,3.572519083969466,0.9923664122137404,9.759621829927383
others,1688099035.816295,-9.173383660888671,-3.333925811767578,-0.24660277099609373,1.099236641221374,2.8396946564885495,0.32061068702290074,9.763546591013549
others,1688099035.9269996,-9.12310542602539,-3.39018955078125,-0.20709844360351562,2.0,3.0381679389312977,-0.15267175572519084,9.734851183759478
others,1688099036.0227444,-9.095572106933593,-3.324349005126953,-0.2442085693359375,2.3969465648854964,3.435114503816794,-0.6259541984732825,9.687123726145655
others,1688099036.0865722,-9.087192401123046,-3.314772198486328,-0.2980781066894531,0.9770992366412213,2.7786259541984735,-0.5648854961832062,9.677480613288454
others,1688099036.0865722,-9.203311181640624,-3.4644098022460934,-0.21308394775390624,0.22900763358778625,1.9694656488549618,1.0687022900763359,9.836080355141501
others,1688099036.0865722,-9.094375006103515,-3.3698388366699215,-0.24779987182617186,1.4045801526717556,1.8625954198473282,1.4809160305343512,9.70179753000681
others,1688099036.16636,-9.076418493652342,-3.365050433349609,-0.239420166015625,0.48854961832061067,2.1526717557251906,0.22900763358778625,9.683091402377425
others,1688099036.16636,-9.10993731689453,-3.384204046630859,-0.26336218261718747,0.15267175572519084,3.450381679389313,0.8854961832061069,9.721787622974135
others,1688099036.2780619,-9.16141265258789,-3.362656231689453,-0.277727392578125,0.8396946564885496,3.5877862595419847,1.8625954198473282,9.762994992731771
others,1688099036.3897622,-9.173383660888671,-3.3411084167480465,-0.2549824768066406,1.4045801526717556,3.2977099236641223,1.633587786259542,9.766216734529412
others,1688099036.3897622,-9.157821350097656,-3.3387142150878906,-0.25737667846679685,1.83206106870229,2.8702290076335877,0.7786259541984732,9.750843411979961
others,1688099036.4840326,-9.153032946777342,-3.345896820068359,-0.239420166015625,1.6488549618320612,2.427480916030534,-0.15267175572519084,9.748351638673588
others,1688099036.4840326,-9.111134417724609,-3.366247534179687,-0.17477672119140625,2.183206106870229,2.885496183206107,-0.061068702290076333,9.714676512446886
others,1688099036.5478613,-9.105148913574219,-3.333925811767578,-0.18315642700195311,2.16793893129771,3.312977099236641,-0.2748091603053435,9.69805879202039
others,1688099036.5478613,-9.118317022705078,-3.3171664001464842,-0.21906945190429686,0.6412213740458015,3.5114503816793894,-0.04580152671755725,9.705425785485748
others,1688099036.643607,-9.157821350097656,-3.35188232421875,-0.2346317626953125,-0.9465648854961832,3.8625954198473282,0.366412213740458,9.754786469204749
others,1688099036.643607,-9.135076434326171,-3.3638533325195312,-0.2501940734863281,-0.6870229007633588,3.480916030534351,0.10687022900763359,9.737952956247621
others,1688099036.7233677,-9.149441644287108,-3.3782185424804685,-0.3028665100097656,-0.3969465648854962,3.3282442748091605,-0.9770992366412213,9.757887632364882
others,1688099036.8191366,-9.141061938476563,-3.412934466552734,-0.3232172241210937,-0.2595419847328244,3.83206106870229,-0.916030534351145,9.762766227356723
others,1688099036.8350935,-9.162609753417968,-3.4057518615722655,-0.3806780639648437,0.10687022900763359,2.3053435114503817,-1.3893129770992367,9.782508830786561
others,1688099036.9148555,-9.054870678710937,-3.440467785644531,-0.33399113159179683,-0.3816793893129771,2.3206106870229006,-1.083969465648855,9.692216034953969
others,1688099036.9308386,-9.080009796142578,-3.488351818847656,-0.35793314819335936,-0.4122137404580153,2.9770992366412212,-2.1068702290076335,9.733616617099655
others,1688099036.9946423,-9.165003955078124,-3.5326445495605467,-0.31483751831054685,-0.3053435114503817,1.4198473282442747,-0.7175572519083969,9.827308770618405
others,1688099037.0744286,-9.093177905273437,-3.5218706420898434,-0.2861070983886719,0.3053435114503817,1.9236641221374047,0.7022900763358778,9.755578635238185
others,1688099037.0744286,-9.14824454345703,-3.475183709716797,-0.3184288208007812,0.9312977099236641,1.7099236641221374,-0.0916030534351145,9.791255126749016
others,1688099037.0744286,-9.179369165039063,-3.430890979003906,-0.32561142578124996,0.21374045801526717,1.0687022900763359,-0.07633587786259542,9.804991278857907
others,1688099037.170173,-9.132682232666015,-3.4811692138671875,-0.28490999755859375,1.450381679389313,1.6030534351145038,-2.198473282442748,9.777811491593559
others,1688099037.2659168,-9.020154754638671,-3.4835634155273434,-0.23582886352539062,3.2519083969465647,1.7404580152671756,-2.4427480916030535,9.67233276518663
others,1688099037.2978318,-9.00100114135742,-3.4955344238281247,-0.23582886352539062,3.4198473282442747,3.2519083969465647,-0.5343511450381679,9.65879897853541
others,1688099037.361661,-9.089586602783202,-3.527856146240234,-0.2861070983886719,1.5572519083969465,4.213740458015267,1.2671755725190839,9.754394438908509
others,1688099037.361661,-9.14824454345703,-3.506308331298828,-0.2980781066894531,-0.21374045801526717,2.7938931297709924,1.2061068702290076,9.80170530564526
others,1688099037.4723651,-9.09796630859375,-3.441664886474609,-0.26815058593749996,-2.015267175572519,0.9770992366412213,0.3511450381679389,9.730876264748098
others,1688099037.5202372,-8.980650427246093,-3.6439749267578123,-0.17357962036132812,-2.4580152671755724,2.7022900763358777,-2.50381679389313,9.693336125805184
others,1688099037.5361946,-9.004592443847656,-3.6427778259277344,-0.22266075439453123,0.0,4.8396946564885495,-1.7251908396946565,9.71607395918828
others,1688099037.5361946,-9.04050546875,-3.69664736328125,-0.18435352783203124,1.8473282442748091,4.1679389312977095,1.6946564885496183,9.768824242567629
others,1688099037.6309676,-9.020154754638671,-3.621230010986328,-0.18315642700195311,3.068702290076336,2.564885496183206,4.366412213740458,9.721627686084815
others,1688099037.710751,-9.014169250488282,-3.5517981628417967,-0.16041151123046873,3.480916030534351,1.6946564885496183,6.549618320610687,9.690007704793121
others,1688099037.7586262,-9.052476477050782,-3.484760516357422,-0.14963760375976562,2.900763358778626,2.198473282442748,8.534351145038167,9.70119980396138
others,1688099037.8064957,-9.102754711914063,-3.362656231689453,-0.1640028137207031,2.213740458015267,2.9160305343511452,9.633587786259541,9.70538495891337
others,1688099037.8543453,-9.135076434326171,-3.27526787109375,-0.15682020874023436,1.6488549618320612,3.6030534351145036,12.091603053435115,9.705750546262234
others,1688099037.9022398,-9.083601098632812,-3.294421484375,-0.21906945190429686,0.8854961832061069,5.312977099236641,13.312977099236642,9.665040779042396
others,1688099037.9022398,-9.145850341796875,-3.191470812988281,-0.28969840087890625,1.0076335877862594,5.816793893129771,11.648854961832061,9.691026240196333
others,1688099037.996989,-9.260772021484375,-3.038241906738281,-0.2825157958984375,0.9618320610687023,4.2748091603053435,8.595419847328245,9.750519344768287
others,1688099037.9979613,-9.271545928955078,-2.91134921875,-0.2932897033691406,0.9923664122137404,2.5343511450381677,6.687022900763359,9.722321586758076
others,1688099038.0767748,-9.277531433105468,-2.834734765625,-0.2920926025390625,0.16793893129770993,3.2213740458015265,5.557251908396947,9.705340219289639
others,1688099038.2034378,-9.332598071289063,-2.7736826232910157,-0.33518823242187495,-0.44274809160305345,4.076335877862595,3.7251908396946565,9.741819809775222
others,1688099038.2034378,-9.331400970458985,-2.7952304382324216,-0.33399113159179683,-1.1450381679389312,3.7557251908396947,2.6259541984732824,9.746789591977754
others,1688099038.2672663,-9.27633433227539,-2.8502970764160156,-0.32561142578124996,-0.32061068702290074,3.282442748091603,1.8931297709923665,9.709819507517949
others,1688099038.2672663,-9.306261853027344,-2.914940521240234,-0.3172317199707031,0.030534351145038167,3.954198473282443,2.3969465648854964,9.75725493587391
others,1688099038.3600209,-9.303867651367186,-2.883815899658203,-0.32082302246093747,2.3053435114503817,3.6793893129770994,3.9083969465648853,9.745833716466702
others,1688099038.3600209,-9.265560424804686,-2.8215666564941406,-0.31962592163085934,2.8091603053435112,4.6106870229007635,5.541984732824427,9.69092405875336
others,1688099038.4388075,-9.252392315673827,-2.7904420349121093,-0.3651157531738281,2.4885496183206106,5.190839694656488,5.801526717557252,9.67091721743911
others,1688099038.4547656,-9.35294878540039,-2.7090391784667966,-0.40581718139648437,1.9541984732824427,4.656488549618321,4.366412213740458,9.745831510831042
others,1688099038.534552,-9.366116894531249,-2.7066449768066403,-0.40462008056640625,0.8091603053435115,3.2977099236641223,3.267175572519084,9.757755383390888
others,1688099038.5973592,-9.325415466308593,-2.6779145568847653,-0.39743747558593745,1.297709923664122,2.6717557251908395,2.8091603053435112,9.710435445449548
others,1688099038.661214,-9.348160382080078,-2.6515783386230467,-0.39863457641601563,1.6946564885496183,2.9160305343511452,2.564885496183206,9.725115924268506
others,1688099038.7409744,-9.366116894531249,-2.626439221191406,-0.3842693664550781,2.519083969465649,2.4885496183206106,1.6641221374045803,9.734988012865347
others,1688099038.7409744,-9.35294878540039,-2.6108769104003904,-0.37229835815429685,2.7786259541984735,2.4427480916030535,1.4045801526717556,9.717660998978555
others,1688099038.8676367,-9.344569079589844,-2.6144682128906247,-0.3363853332519531,2.6717557251908395,2.6412213740458017,0.7786259541984732,9.709251794647676
others,1688099038.8676367,-9.376890802001952,-2.6132711120605467,-0.3495534423828125,2.6106870229007635,2.8244274809160306,0.22900763358778625,9.740505871199948
others,1688099038.8696315,-9.345766180419922,-2.644395733642578,-0.3327940307617187,2.0916030534351147,2.6564885496183206,0.1984732824427481,9.718380840556645
others,1688099038.8696315,-9.338583575439452,-2.6467899353027344,-0.3112462158203125,1.9236641221374047,2.7022900763358777,0.15267175572519084,9.711411553628537
others,1688099038.9783666,-9.319429962158203,-2.6575638427734374,-0.31962592163085934,1.9694656488549618,2.946564885496183,0.24427480916030533,9.696214783500166
others,1688099039.0720897,-9.319429962158203,-2.615665313720703,-0.3794809631347656,1.633587786259542,3.1603053435114505,0.5801526717557252,9.686975051808247
others,1688099039.1997747,-9.406818322753905,-2.701856573486328,-0.3124433166503906,1.297709923664122,2.030534351145038,1.83206106870229,9.792133614647492
others,1688099039.1997747,-9.33379517211914,-2.627636322021484,-0.33758243408203126,1.786259541984733,1.6488549618320612,2.0610687022900764,9.7024825099395
others,1688099039.2476482,-9.329006768798827,-2.618059515380859,-0.3268085266113281,1.7404580152671756,2.519083969465649,1.4961832061068703,9.694916540715369
others,1688099039.2476482,-9.368511096191405,-2.6408044311523438,-0.33518823242187495,1.9694656488549618,2.687022900763359,1.8931297709923665,9.739363395736367
others,1688099039.2476482,-9.325415466308593,-2.6192566162109374,-0.3555389465332031,2.2595419847328246,2.854961832061069,2.763358778625954,9.692795612378001
others,1688099039.3583508,-9.362525592041015,-2.6503812377929687,-0.3016694091796875,2.5801526717557253,3.145038167938931,1.6488549618320612,9.735112254088433
others,1688099039.37331,-9.387664709472656,-2.596511700439453,-0.3124433166503906,3.099236641221374,3.3587786259541983,0.9923664122137404,9.745139431230156
others,1688099039.4371395,-9.37808790283203,-2.596511700439453,-0.29927520751953124,3.3282442748091605,2.9923664122137406,1.5114503816793894,9.735500571290586
others,1688099039.4999464,-9.357737188720703,-2.586934893798828,-0.2705447875976562,3.6793893129770994,2.7480916030534353,1.7557251908396947,9.712500806693232
others,1688099039.5308897,-9.331400970458985,-2.551021868896484,-0.26336218261718747,4.106870229007634,3.267175572519084,2.045801526717557,9.677402352196786
others,1688099039.6106508,-9.3852705078125,-2.5067291381835934,-0.2765302917480469,3.8473282442748094,4.0,0.9770992366412213,9.718202636253682
others,1688099039.6116488,-9.402029919433593,-2.4959552307128905,-0.30406361083984373,2.4580152671755724,3.83206106870229,0.5801526717557252,9.732441307250944
others,1688099039.7055695,-9.409212524414063,-2.548627667236328,-0.2741360900878906,1.1755725190839694,2.6564885496183206,-0.15267175572519084,9.752124584503708
others,1688099039.769374,-9.345766180419922,-2.549824768066406,-0.26695348510742184,1.4198473282442747,2.4885496183206106,-0.12213740458015267,9.691037922231894
others,1688099039.8003166,-9.34696328125,-2.518700146484375,-0.2825157958984375,1.4045801526717556,3.0229007633587788,-0.42748091603053434,9.684492148991
others,1688099039.8003166,-9.435548742675781,-2.606088507080078,-0.2980781066894531,-1.0381679389312977,2.946564885496183,-0.6564885496183206,9.793371632886855
others,1688099039.8791058,-9.393650213623046,-2.589329095458984,-0.33039982910156246,-0.7480916030534351,0.9923664122137404,-0.04580152671755725,9.749587352681193
others,1688099039.9738529,-9.278728533935546,-2.6048914062499997,-0.3327940307617187,-1.1297709923664123,1.2061068702290076,-1.0534351145038168,9.64318486350518
others,1688099040.0216992,-9.326612567138671,-2.627636322021484,-0.354341845703125,-0.9465648854961832,1.9694656488549618,-2.0,9.69617103613235
others,1688099040.0536404,-9.3852705078125,-2.6563667419433594,-0.33758243408203126,-0.07633587786259542,1.7251908396946565,-1.3587786259541985,9.759792450268531
others,1688099040.0536404,-9.386467608642578,-2.663549346923828,-0.33399113159179683,1.1908396946564885,1.0687022900763359,-1.6488549618320612,9.76277723640034
others,1688099040.1483889,-9.405621221923827,-2.673126153564453,-0.3112462158203125,2.8702290076335877,0.4122137404580153,-2.6106870229007635,9.783056179437825
others,1688099040.1643445,-9.363722692871093,-2.7832594299316407,-0.19033903198242186,2.687022900763359,-0.12213740458015267,-3.3740458015267176,9.770469009745053
others,1688099040.2442493,-9.275137231445312,-2.8419173706054686,-0.07541735229492187,4.229007633587786,-1.1145038167938932,-5.068702290076335,9.701049055670179
others,1688099040.3071046,-9.204508282470703,-2.816778253173828,0.03232172241210937,4.977099236641221,0.0916030534351145,-3.954198473282443,9.62591591192051
others,1688099040.3230388,-9.205705383300781,-2.759317413330078,0.05027823486328125,3.7251908396946565,2.0763358778625953,-1.2671755725190839,9.610482406858697
others,1688099040.3917966,-9.270348828125,-2.858676782226562,0.044292730712890624,0.183206106870229,2.900763358778626,-0.061068702290076333,9.701204161667446
others,1688099040.3917966,-9.239224206542968,-2.929305731201172,0.02154781494140625,-2.3206106870229006,3.4656488549618323,-0.5190839694656488,9.692500209643862
others,1688099040.4810185,-9.169792358398437,-2.934094134521484,-0.033518823242187495,-2.687022900763359,5.312977099236641,-0.7633587786259542,9.62783069013406
others,1688099040.4820127,-9.281122735595703,-2.7820623291015623,-0.19991583862304688,-2.1374045801526718,7.572519083969466,1.1145038167938932,9.691185499139403
others,1688099040.5717359,-9.446322650146485,-2.6288334228515624,-0.28969840087890625,-5.4961832061068705,4.717557251908397,5.6183206106870225,9.809571954945016
others,1688099040.5727253,-9.282319836425781,-2.7724855224609373,-0.24660277099609373,-5.419847328244275,1.7709923664122138,5.847328244274809,9.690663054952534
others,1688099040.662666,-9.302670550537108,-2.7533319091796873,-0.2885013000488281,-3.6946564885496183,5.465648854961832,3.648854961832061,9.70586157814273
